StartDate,StartTime,EndDate,EndTime,PerformedBy
"2/20/2024","4:00PM","2/20/2024","5:00PM",BradPitt
"3/21/2024","10:00AM","3/21/2024","3:00PM",BradPitt
"3/27/2024","2:30PM","3/27/2024","3:30PM",BradPitt
"3/29/2024","2:00PM","3/29/2024","3:00PM",BradPitt
"4/12/2024","7:00PM","4/12/2024","10:00PM",BradPitt
"4/23/2024","4:00PM","4/23/2024","6:00PM",BradPitt
"4/24/2024","9:00AM","4/24/2024","11:00AM",BradPitt
"4/24/2024","11:00AM","4/24/2024","1:00PM",BradPitt
"4/25/2024","6:00PM","4/25/2024","8:00PM",BradPitt
"5/7/2024","4:00PM","5/7/2024","6:00PM",BradPitt
"5/8/2024","9:00AM","5/8/2024","11:00AM",BradPitt
"5/8/2024","11:00AM","5/8/2024","1:00PM",BradPitt
"5/9/2024","6:00PM","5/9/2024","8:00PM",BradPitt
"5/21/2024","4:00PM","5/21/2024","6:00PM",BradPitt
"5/22/2024","9:00AM","5/22/2024","11:00AM",BradPitt
"5/22/2024","11:00AM","5/22/2024","1:00PM",BradPitt
"5/23/2024","6:00PM","5/23/2024","8:00PM",BradPitt
"5/24/2024","9:00AM","5/27/2024","10:00PM",BradPitt
"6/11/2024","4:00PM","6/11/2024","6:00PM",BradPitt
"6/12/2024","9:00AM","6/12/2024","11:00AM",BradPitt
"6/12/2024","11:00AM","6/12/2024","1:00PM",BradPitt
"6/13/2024","6:00PM","6/13/2024","8:00PM",BradPitt
"6/18/2024","9:00AM","6/19/2024","10:00PM",BradPitt
"6/25/2024","4:00PM","6/25/2024","6:00PM",BradPitt
"6/26/2024","9:00AM","6/26/2024","11:00AM",BradPitt
"6/26/2024","11:00AM","6/26/2024","1:00PM",BradPitt
"7/3/2024","9:00AM","7/4/2024","10:00PM",BradPitt
"8/15/2024","10:00PM","8/16/2024","10:00PM",BradPitt
"8/30/2024","9:00AM","9/2/2024","10:00PM",BradPitt
"9/8/2024","10:00PM","9/9/2024","10:00PM",BradPitt
"11/8/2024","9:00AM","11/11/2024","10:00PM",BradPitt
"11/27/2024","9:00AM","12/1/2024","10:00PM",BradPitt
"12/23/2024","9:00AM","12/25/2024","10:00PM",BradPitt
"12/30/2024","9:00AM","1/1/2025","10:00PM",BradPitt
"1/1/2023","12:00PM","1/1/2023","8:00PM",WillSmith
"4/11/2024","6:00AM","4/11/2024","9:00PM",WillSmith
"4/12/2024","10:00AM","4/12/2024","5:00PM",WillSmith
"4/12/2024","6:00PM","4/12/2024","8:00PM",WillSmith
"5/14/2024","12:00PM","5/15/2024","4:00PM",WillSmith
"5/15/2024","4:00PM","5/16/2024","8:00PM",WillSmith
"5/24/2024","9:00AM","5/27/2024","10:00PM",WillSmith
"6/18/2024","9:00AM","6/19/2024","10:00PM",WillSmith
"7/3/2024","9:00AM","7/4/2024","10:00PM",WillSmith
"8/15/2024","10:00PM","8/16/2024","10:00PM",WillSmith
"8/30/2024","9:00AM","9/2/2024","10:00PM",WillSmith
"9/8/2024","10:00PM","9/9/2024","10:00PM",WillSmith
"11/8/2024","9:00AM","11/11/2024","10:00PM",WillSmith
"11/27/2024","9:00AM","12/1/2024","10:00PM",WillSmith
"12/23/2024","9:00AM","12/25/2024","10:00PM",WillSmith
"12/30/2024","9:00AM","1/1/2025","10:00PM",WillSmith
"1/1/2023","9:00AM","1/1/2023","5:00PM",KatyPerry
"3/27/2024","12:21PM","4/15/2024","12:21PM",KatyPerry
"4/15/2024","12:30PM","4/15/2024","1:00PM",KatyPerry
"4/15/2024","4:00PM","4/15/2024","5:30PM",KatyPerry
"5/24/2024","9:00AM","5/27/2024","10:00PM",KatyPerry
"6/18/2024","9:00AM","6/19/2024","10:00PM",KatyPerry
"7/3/2024","9:00AM","7/4/2024","10:00PM",KatyPerry
"8/15/2024","10:00PM","8/16/2024","10:00PM",KatyPerry
"8/30/2024","9:00AM","9/2/2024","10:00PM",KatyPerry
"9/8/2024","10:00PM","9/9/2024","10:00PM",KatyPerry
"11/8/2024","9:00AM","11/11/2024","10:00PM",KatyPerry
"11/27/2024","9:00AM","12/1/2024","10:00PM",KatyPerry
"12/23/2024","9:00AM","12/25/2024","10:00PM",KatyPerry
"12/30/2024","9:00AM","1/1/2025","10:00PM",KatyPerry
"1/1/2023","9:00AM","1/1/2023","5:00PM",EdwardNorton
"5/24/2024","9:00AM","5/27/2024","10:00PM",EdwardNorton
"6/18/2024","9:00AM","6/19/2024","10:00PM",EdwardNorton
"1/1/2024","9:00AM","6/30/2024","5:00PM",EdwardNorton
"7/3/2024","9:00AM","7/4/2024","10:00PM",EdwardNorton
"8/15/2024","10:00PM","8/16/2024","10:00PM",EdwardNorton
"8/30/2024","9:00AM","9/2/2024","10:00PM",EdwardNorton
"9/8/2024","10:00PM","9/9/2024","10:00PM",EdwardNorton
"11/8/2024","9:00AM","11/11/2024","10:00PM",EdwardNorton
"11/27/2024","9:00AM","12/1/2024","10:00PM",EdwardNorton
"12/23/2024","9:00AM","12/25/2024","10:00PM",EdwardNorton
"12/30/2024","9:00AM","1/1/2025","10:00PM",EdwardNorton
"1/1/2024","3:44PM","1/1/2024","3:48PM",IpMan
"3/29/2024","9:00AM","4/14/2024","5:00PM",IpMan
"4/15/2024","9:30AM","4/15/2024","10:30AM",IpMan
"4/17/2024","9:30AM","4/17/2024","5:30PM",IpMan
"5/3/2024","7:00PM","5/5/2024","5:00PM",IpMan
"5/24/2024","9:00AM","5/27/2024","10:00PM",IpMan
"6/18/2024","9:00AM","6/19/2024","10:00PM",IpMan
"7/3/2024","9:00AM","7/4/2024","10:00PM",IpMan
"8/15/2024","10:00PM","8/16/2024","10:00PM",IpMan
"8/30/2024","9:00AM","9/2/2024","10:00PM",IpMan
"9/8/2024","10:00PM","9/9/2024","10:00PM",IpMan
"11/8/2024","9:00AM","11/11/2024","10:00PM",IpMan
"11/27/2024","9:00AM","12/1/2024","10:00PM",IpMan
"12/23/2024","9:00AM","12/25/2024","10:00PM",IpMan
"12/30/2024","9:00AM","1/1/2025","10:00PM",IpMan
"5/3/2024","9:00AM","5/3/2024","11:00AM",ChrisPine
"5/24/2024","9:00AM","5/27/2024","10:00PM",ChrisPine
"6/18/2024","9:00AM","6/19/2024","10:00PM",ChrisPine
"7/3/2024","9:00AM","7/4/2024","10:00PM",ChrisPine
"7/19/2024","9:00AM","7/23/2024","5:00PM",ChrisPine
"8/15/2024","10:00PM","8/16/2024","10:00PM",ChrisPine
"8/30/2024","9:00AM","9/2/2024","10:00PM",ChrisPine
"9/8/2024","10:00PM","9/9/2024","10:00PM",ChrisPine
"11/8/2024","9:00AM","11/11/2024","10:00PM",ChrisPine
"11/27/2024","9:00AM","12/1/2024","10:00PM",ChrisPine
"12/2/2024","9:00AM","12/6/2024","9:00PM",ChrisPine
"12/23/2024","9:00AM","12/25/2024","10:00PM",ChrisPine
"12/30/2024","9:00AM","1/1/2025","10:00PM",ChrisPine
"3/20/2024","4:00AM","3/20/2024","5:00AM",JackBlack
"4/3/2024","4:00AM","4/3/2024","5:00AM",JackBlack
"4/4/2024","3:00AM","4/4/2024","4:00AM",JackBlack
"4/11/2024","2:00AM","4/11/2024","3:00AM",JackBlack
"4/11/2024","4:00AM","4/11/2024","5:00AM",JackBlack
"4/12/2024","12:00AM","4/12/2024","1:00AM",JackBlack
"3/28/2024","10:00PM","3/29/2024","10:00PM",PaulRudd
"4/8/2024","10:00PM","4/9/2024","10:00PM",PaulRudd
"4/9/2024","10:00PM","4/10/2024","10:00PM",PaulRudd
"4/12/2024","11:59PM","4/13/2024","4:00AM",PaulRudd
"4/12/2024","11:59PM","4/13/2024","4:00AM",PaulRudd
"4/12/2024","11:59PM","4/13/2024","4:00AM",PaulRudd
"4/12/2024","11:59PM","4/13/2024","4:00AM",PaulRudd
"4/12/2024","11:59PM","4/13/2024","4:00AM",PaulRudd
"4/12/2024","11:59PM","4/13/2024","4:00AM",PaulRudd
"4/12/2024","11:59PM","4/13/2024","4:00AM",PaulRudd
"4/12/2024","11:59PM","4/13/2024","4:00AM",PaulRudd
"4/12/2024","11:59PM","4/13/2024","4:00AM",PaulRudd
"4/12/2024","11:59PM","4/13/2024","4:00AM",PaulRudd
"4/12/2024","11:59PM","4/13/2024","4:00AM",PaulRudd
"4/12/2024","11:59PM","4/13/2024","4:00AM",PaulRudd
"4/12/2024","11:59PM","4/13/2024","4:00AM",PaulRudd
"4/12/2024","11:59PM","4/13/2024","4:00AM",PaulRudd
"4/12/2024","11:59PM","4/13/2024","4:00AM",PaulRudd
"4/12/2024","11:59PM","4/13/2024","4:00AM",PaulRudd
"4/12/2024","11:59PM","4/13/2024","4:00AM",PaulRudd
"4/12/2024","11:59PM","4/13/2024","4:00AM",PaulRudd
"4/14/2024","3:00AM","4/14/2024","6:00AM",PaulRudd
"4/14/2024","10:00PM","4/14/2024","11:30PM",PaulRudd
"4/14/2024","9:30PM","4/15/2024","9:30AM",PaulRudd
"4/14/2024","9:30PM","4/15/2024","9:30AM",PaulRudd
"4/14/2024","9:30PM","4/15/2024","9:30AM",PaulRudd
"4/14/2024","9:30PM","4/15/2024","9:30AM",PaulRudd
"4/14/2024","9:30PM","4/15/2024","9:30AM",PaulRudd
"4/15/2024","11:59PM","4/16/2024","4:00AM",PaulRudd
"4/15/2024","11:59PM","4/16/2024","4:00AM",PaulRudd
"4/16/2024","11:59PM","4/17/2024","4:00AM",PaulRudd
"4/16/2024","9:30PM","4/17/2024","9:30AM",PaulRudd
"4/17/2024","9:30PM","4/18/2024","9:30AM",PaulRudd
"4/17/2024","9:30PM","4/18/2024","9:30AM",PaulRudd
"4/17/2024","9:30PM","4/18/2024","9:30AM",PaulRudd
"4/17/2024","9:30PM","4/18/2024","9:30AM",PaulRudd
"4/18/2024","9:30PM","4/19/2024","9:30AM",PaulRudd
"4/18/2024","9:30PM","4/19/2024","9:30AM",PaulRudd
"4/18/2024","9:30PM","4/19/2024","9:30AM",PaulRudd
"4/18/2024","9:30PM","4/19/2024","9:30AM",PaulRudd
"4/21/2024","11:30PM","4/22/2024","3:30AM",PaulRudd
"4/21/2024","11:30PM","4/22/2024","3:30AM",PaulRudd
"4/22/2024","3:30AM","4/22/2024","7:30AM",PaulRudd
"4/22/2024","3:30AM","4/22/2024","7:30AM",PaulRudd
"4/22/2024","3:30AM","4/22/2024","7:30AM",PaulRudd
"4/22/2024","3:30AM","4/22/2024","7:30AM",PaulRudd
"4/21/2024","9:30PM","4/22/2024","9:30AM",PaulRudd
"4/21/2024","9:30PM","4/22/2024","9:30AM",PaulRudd
"4/22/2024","11:30PM","4/23/2024","3:30AM",PaulRudd
"4/22/2024","11:59PM","4/23/2024","4:00AM",PaulRudd
"4/22/2024","11:59PM","4/23/2024","4:00AM",PaulRudd
"4/23/2024","3:30AM","4/23/2024","7:30AM",PaulRudd
"4/23/2024","11:59PM","4/24/2024","4:00AM",PaulRudd
"4/23/2024","11:59PM","4/24/2024","4:00AM",PaulRudd
"4/23/2024","11:59PM","4/24/2024","4:00AM",PaulRudd
"4/23/2024","11:59PM","4/24/2024","4:00AM",PaulRudd
"4/23/2024","11:59PM","4/24/2024","4:00AM",PaulRudd
"4/24/2024","11:59PM","4/25/2024","4:00AM",PaulRudd
"4/24/2024","11:59PM","4/25/2024","4:00AM",PaulRudd
"4/25/2024","11:59PM","4/26/2024","4:00AM",PaulRudd
"4/25/2024","11:59PM","4/26/2024","4:00AM",PaulRudd
"4/26/2024","11:59PM","4/27/2024","4:00AM",PaulRudd
"4/26/2024","11:59PM","4/27/2024","4:00AM",PaulRudd
"4/26/2024","11:59PM","4/27/2024","4:00AM",PaulRudd
"4/26/2024","11:59PM","4/27/2024","4:00AM",PaulRudd
"4/26/2024","11:59PM","4/27/2024","4:00AM",PaulRudd
"4/26/2024","11:59PM","4/27/2024","4:00AM",PaulRudd
"4/26/2024","11:59PM","4/27/2024","4:00AM",PaulRudd
"4/26/2024","11:59PM","4/27/2024","4:00AM",PaulRudd
"4/26/2024","11:59PM","4/27/2024","4:00AM",PaulRudd
"4/26/2024","11:59PM","4/27/2024","4:00AM",PaulRudd
"4/26/2024","11:59PM","4/27/2024","4:00AM",PaulRudd
"4/28/2024","11:30PM","4/29/2024","1:30AM",PaulRudd
"4/28/2024","11:30PM","4/29/2024","1:30AM",PaulRudd
"4/28/2024","11:30PM","4/29/2024","1:30AM",PaulRudd
"4/30/2024","1:30AM","4/30/2024","3:30AM",PaulRudd
"4/30/2024","10:00PM","5/1/2024","10:00PM",PaulRudd
"5/6/2024","11:59PM","5/7/2024","4:00AM",PaulRudd
"5/7/2024","11:59PM","5/8/2024","4:00AM",PaulRudd
"5/9/2024","11:59PM","5/10/2024","4:00AM",PaulRudd
"5/21/2024","11:59PM","5/22/2024","4:00AM",PaulRudd
"5/23/2024","11:59PM","5/24/2024","4:00AM",PaulRudd
"5/24/2024","11:59PM","5/25/2024","4:00AM",PaulRudd
"5/24/2024","9:00AM","5/27/2024","10:00PM",PaulRudd
"6/18/2024","9:00AM","6/19/2024","10:00PM",PaulRudd
"7/3/2024","9:00AM","7/4/2024","10:00PM",PaulRudd
"8/14/2024","10:00PM","8/15/2024","10:00PM",PaulRudd
"8/15/2024","10:00PM","8/16/2024","10:00PM",PaulRudd
"8/30/2024","9:00AM","9/2/2024","10:00PM",PaulRudd
"9/5/2024","10:00PM","9/6/2024","10:00PM",PaulRudd
"9/8/2024","10:00PM","9/9/2024","10:00PM",PaulRudd
"10/1/2024","10:00PM","10/2/2024","10:00PM",PaulRudd
"10/30/2024","10:00PM","10/31/2024","10:00PM",PaulRudd
"11/8/2024","9:00AM","11/11/2024","10:00PM",PaulRudd
"11/27/2024","9:00AM","12/1/2024","10:00PM",PaulRudd
"12/23/2024","9:00AM","12/25/2024","10:00PM",PaulRudd
"12/23/2024","10:00PM","12/25/2024","10:00PM",PaulRudd
"12/30/2024","9:00AM","1/1/2025","10:00PM",PaulRudd
"1/1/2023","10:00PM","1/2/2023","6:00AM",RushellCrowe
"4/7/2024","10:00PM","4/8/2024","10:00PM",RushellCrowe
"4/8/2024","10:00PM","4/9/2024","10:00PM",RushellCrowe
"4/9/2024","10:00PM","4/10/2024","10:00PM",RushellCrowe
"4/14/2024","10:00PM","4/14/2024","11:30PM",RushellCrowe
"4/14/2024","11:30PM","4/15/2024","12:30AM",RushellCrowe
"4/18/2024","6:00AM","4/18/2024","8:00AM",RushellCrowe
"4/19/2024","1:00AM","4/19/2024","3:00AM",RushellCrowe
"4/19/2024","3:00AM","4/19/2024","5:00AM",RushellCrowe
"4/23/2024","12:00AM","4/23/2024","2:00AM",RushellCrowe
"4/30/2024","10:00PM","5/1/2024","10:00PM",RushellCrowe
"5/3/2024","4:00AM","5/3/2024","6:00AM",RushellCrowe
"5/12/2024","11:30PM","5/24/2024","7:30AM",RushellCrowe
"5/12/2024","11:30PM","5/24/2024","7:30AM",RushellCrowe
"5/24/2024","9:00AM","5/27/2024","10:00PM",RushellCrowe
"6/18/2024","9:00AM","6/19/2024","10:00PM",RushellCrowe
"7/3/2024","9:00AM","7/4/2024","10:00PM",RushellCrowe
"8/14/2024","10:00PM","8/15/2024","10:00PM",RushellCrowe
"8/15/2024","10:00PM","8/16/2024","10:00PM",RushellCrowe
"8/30/2024","9:00AM","9/2/2024","10:00PM",RushellCrowe
"9/5/2024","10:00PM","9/6/2024","10:00PM",RushellCrowe
"9/8/2024","10:00PM","9/9/2024","10:00PM",RushellCrowe
"10/1/2024","10:00PM","10/2/2024","10:00PM",RushellCrowe
"10/30/2024","10:00PM","10/31/2024","10:00PM",RushellCrowe
"10/31/2024","10:00PM","11/1/2024","10:00PM",RushellCrowe
"11/8/2024","9:00AM","11/11/2024","10:00PM",RushellCrowe
"11/27/2024","9:00AM","12/1/2024","10:00PM",RushellCrowe
"12/23/2024","9:00AM","12/25/2024","10:00PM",RushellCrowe
"12/23/2024","10:00PM","12/25/2024","10:00PM",RushellCrowe
"12/30/2024","9:00AM","1/1/2025","10:00PM",RushellCrowe
"1/1/2023","9:00AM","1/1/2023","5:00PM",TaylorSwift
"3/8/2024","9:00AM","3/14/2024","5:00PM",TaylorSwift
"3/15/2024","9:00AM","3/21/2024","5:00PM",TaylorSwift
"3/18/2024","9:00AM","3/22/2024","5:00PM",TaylorSwift
"3/25/2024","9:00AM","3/29/2024","5:00PM",TaylorSwift
"4/8/2024","7:00AM","4/8/2024","11:59PM",TaylorSwift
"2/6/2024","11:42AM","4/19/2024","2:04PM",TaylorSwift
"5/24/2024","9:00AM","5/27/2024","10:00PM",TaylorSwift
"6/18/2024","9:00AM","6/19/2024","10:00PM",TaylorSwift
"6/21/2024","7:00AM","6/24/2024","11:00PM",TaylorSwift
"7/3/2024","9:00AM","7/4/2024","10:00PM",TaylorSwift
"8/15/2024","10:00PM","8/16/2024","10:00PM",TaylorSwift
"8/30/2024","9:00AM","9/2/2024","10:00PM",TaylorSwift
"9/8/2024","10:00PM","9/9/2024","10:00PM",TaylorSwift
"11/8/2024","9:00AM","11/11/2024","10:00PM",TaylorSwift
"11/27/2024","9:00AM","12/1/2024","10:00PM",TaylorSwift
"12/23/2024","9:00AM","12/25/2024","10:00PM",TaylorSwift
"12/30/2024","9:00AM","1/1/2025","10:00PM",TaylorSwift
"4/15/2024","2:00AM","4/15/2024","3:00AM",ChrisHemsworth
"4/15/2024","3:00AM","4/15/2024","4:00AM",ChrisHemsworth
"4/15/2024","4:00AM","4/15/2024","5:00AM",ChrisHemsworth
"4/15/2024","5:00AM","4/15/2024","6:00AM",ChrisHemsworth
"4/16/2024","2:00AM","4/16/2024","3:00AM",ChrisHemsworth
"4/16/2024","3:00AM","4/16/2024","4:00AM",ChrisHemsworth
"4/16/2024","4:00AM","4/16/2024","5:00AM",ChrisHemsworth
"4/16/2024","5:00AM","4/16/2024","6:00AM",ChrisHemsworth
"4/17/2024","2:00AM","4/17/2024","3:00AM",ChrisHemsworth
"4/26/2024","12:00AM","4/26/2024","9:00AM",ChrisHemsworth
"1/1/2023","9:00AM","1/1/2023","5:00PM",PremSagarYelgoi
"7/14/2023","8:00AM","3/31/2024","4:26PM",PremSagarYelgoi
"5/24/2024","9:00AM","5/27/2024","10:00PM",PremSagarYelgoi
"6/18/2024","9:00AM","6/19/2024","10:00PM",PremSagarYelgoi
"3/25/2024","12:00AM","6/30/2024","11:59PM",PremSagarYelgoi
"3/24/2024","12:21PM","7/1/2024","12:22PM",PremSagarYelgoi
"7/3/2024","9:00AM","7/4/2024","10:00PM",PremSagarYelgoi
"8/15/2024","10:00PM","8/16/2024","10:00PM",PremSagarYelgoi
"8/30/2024","9:00AM","9/2/2024","10:00PM",PremSagarYelgoi
"9/8/2024","10:00PM","9/9/2024","10:00PM",PremSagarYelgoi
"11/8/2024","9:00AM","11/11/2024","10:00PM",PremSagarYelgoi
"11/27/2024","9:00AM","12/1/2024","10:00PM",PremSagarYelgoi
"12/23/2024","9:00AM","12/25/2024","10:00PM",PremSagarYelgoi
"12/30/2024","9:00AM","1/1/2025","10:00PM",PremSagarYelgoi
"1/1/2023","10:00PM","1/2/2023","6:00AM",CardiB
"3/28/2024","10:00PM","3/29/2024","10:00PM",CardiB
"10/2/2023","10:00PM","4/3/2024","10:44PM",CardiB
"4/8/2024","10:00PM","4/9/2024","10:00PM",CardiB
"4/9/2024","10:00PM","4/10/2024","10:00PM",CardiB
"4/14/2024","10:00PM","4/14/2024","11:00PM",CardiB
"4/30/2024","10:00PM","5/1/2024","10:00PM",CardiB
"5/19/2024","10:00PM","5/21/2024","2:00AM",CardiB
"5/24/2024","9:00AM","5/27/2024","10:00PM",CardiB
"6/18/2024","9:00AM","6/19/2024","10:00PM",CardiB
"7/3/2024","9:00AM","7/4/2024","10:00PM",CardiB
"8/14/2024","10:00PM","8/15/2024","10:00PM",CardiB
"8/15/2024","10:00PM","8/16/2024","10:00PM",CardiB
"8/30/2024","9:00AM","9/2/2024","10:00PM",CardiB
"9/5/2024","10:00PM","9/6/2024","10:00PM",CardiB
"9/8/2024","10:00PM","9/9/2024","10:00PM",CardiB
"10/1/2024","10:00PM","10/2/2024","10:00PM",CardiB
"10/30/2024","10:00PM","10/31/2024","10:00PM",CardiB
"10/31/2024","10:00PM","11/1/2024","10:00PM",CardiB
"11/8/2024","9:00AM","11/11/2024","10:00PM",CardiB
"11/27/2024","9:00AM","12/1/2024","10:00PM",CardiB
"12/23/2024","9:00AM","12/25/2024","10:00PM",CardiB
"12/23/2024","10:00PM","12/25/2024","10:00PM",CardiB
"12/30/2024","9:00AM","1/1/2025","10:00PM",CardiB
"1/1/2023","10:00AM","1/1/2023","6:00PM",MarkWahlberg
"3/27/2024","10:00AM","3/27/2024","11:00AM",MarkWahlberg
"4/8/2024","10:00AM","4/9/2024","6:00PM",MarkWahlberg
"4/10/2024","10:00AM","4/11/2024","6:00PM",MarkWahlberg
"4/12/2024","10:00PM","4/14/2024","5:00PM",MarkWahlberg
"4/15/2024","12:00AM","4/21/2024","11:59PM",MarkWahlberg
"4/29/2024","9:00AM","4/30/2024","1:00PM",MarkWahlberg
"5/1/2024","2:00PM","5/1/2024","6:00PM",MarkWahlberg
"5/24/2024","9:00AM","5/27/2024","10:00PM",MarkWahlberg
"6/18/2024","9:00AM","6/19/2024","10:00PM",MarkWahlberg
"7/3/2024","9:00AM","7/4/2024","10:00PM",MarkWahlberg
"8/15/2024","10:00PM","8/16/2024","10:00PM",MarkWahlberg
"8/30/2024","9:00AM","9/2/2024","10:00PM",MarkWahlberg
"9/8/2024","10:00PM","9/9/2024","10:00PM",MarkWahlberg
"11/8/2024","9:00AM","11/11/2024","10:00PM",MarkWahlberg
"11/27/2024","9:00AM","12/1/2024","10:00PM",MarkWahlberg
"12/23/2024","9:00AM","12/25/2024","10:00PM",MarkWahlberg
"12/30/2024","9:00AM","1/1/2025","10:00PM",MarkWahlberg
"1/1/2023","9:00AM","1/1/2023","5:00PM",EmmaWatson
"4/9/2024","9:00AM","4/12/2024","8:00PM",EmmaWatson
"4/19/2024","9:00AM","4/19/2024","5:00PM",EmmaWatson
"4/22/2024","8:00AM","4/23/2024","8:00PM",EmmaWatson
"4/29/2024","9:00AM","5/6/2024","9:00AM",EmmaWatson
"5/6/2024","9:00AM","5/13/2024","9:00AM",EmmaWatson
"5/13/2024","9:00AM","5/17/2024","8:00PM",EmmaWatson
"5/22/2024","8:00AM","5/24/2024","8:00PM",EmmaWatson
"5/24/2024","9:00AM","5/27/2024","10:00PM",EmmaWatson
"6/18/2024","9:00AM","6/19/2024","10:00PM",EmmaWatson
"7/1/2024","8:00AM","7/3/2024","8:00PM",EmmaWatson
"7/3/2024","9:00AM","7/4/2024","10:00PM",EmmaWatson
"8/15/2024","10:00PM","8/16/2024","10:00PM",EmmaWatson
"8/30/2024","9:00AM","9/2/2024","10:00PM",EmmaWatson
"9/8/2024","10:00PM","9/9/2024","10:00PM",EmmaWatson
"10/1/2024","8:00AM","10/8/2024","8:00PM",EmmaWatson
"11/8/2024","9:00AM","11/11/2024","10:00PM",EmmaWatson
"11/27/2024","9:00AM","12/1/2024","10:00PM",EmmaWatson
"12/23/2024","9:00AM","12/25/2024","10:00PM",EmmaWatson
"12/30/2024","9:00AM","1/1/2025","10:00PM",EmmaWatson
"1/1/2023","9:00AM","1/1/2023","5:00PM",MikeWhiting
"4/9/2024","9:00AM","4/9/2024","5:00PM",MikeWhiting
"4/15/2024","9:00AM","4/15/2024","10:00AM",MikeWhiting
"4/19/2024","8:00PM","4/21/2024","5:00PM",MikeWhiting
"5/24/2024","9:00AM","5/27/2024","10:00PM",MikeWhiting
"6/18/2024","9:00AM","6/19/2024","10:00PM",MikeWhiting
"7/3/2024","9:00AM","7/4/2024","10:00PM",MikeWhiting
"8/15/2024","10:00PM","8/16/2024","10:00PM",MikeWhiting
"8/30/2024","9:00AM","9/2/2024","10:00PM",MikeWhiting
"9/8/2024","10:00PM","9/9/2024","10:00PM",MikeWhiting
"11/8/2024","9:00AM","11/11/2024","10:00PM",MikeWhiting
"11/27/2024","9:00AM","12/1/2024","10:00PM",MikeWhiting
"12/23/2024","9:00AM","12/25/2024","10:00PM",MikeWhiting
"12/30/2024","9:00AM","1/1/2025","10:00PM",MikeWhiting
"1/1/2024","9:00AM","1/1/2024","5:00PM",DuaLipa
"3/25/2024","9:00AM","3/29/2024","5:00PM",DuaLipa
"4/11/2024","9:00AM","4/12/2024","5:00PM",DuaLipa
"4/12/2024","8:00PM","4/12/2024","9:00PM",DuaLipa
"4/17/2024","9:00AM","4/17/2024","10:00AM",DuaLipa
"4/19/2024","9:00AM","4/19/2024","1:00PM",DuaLipa
"4/27/2024","9:30PM","4/28/2024","9:30AM",DuaLipa
"4/27/2024","9:30PM","4/28/2024","9:30AM",DuaLipa
"4/27/2024","9:30PM","4/28/2024","9:30AM",DuaLipa
"4/27/2024","9:30PM","4/28/2024","9:30AM",DuaLipa
"4/27/2024","9:30PM","4/28/2024","9:30AM",DuaLipa
"4/27/2024","9:30PM","4/28/2024","9:30AM",DuaLipa
"4/27/2024","9:30PM","4/28/2024","9:30AM",DuaLipa
"4/27/2024","9:30PM","4/28/2024","9:30AM",DuaLipa
"4/22/2024","9:00AM","4/29/2024","9:00AM",DuaLipa
"4/29/2024","9:00AM","5/6/2024","9:00AM",DuaLipa
"5/6/2024","9:00AM","5/13/2024","9:00AM",DuaLipa
"5/15/2024","9:00AM","5/15/2024","5:00PM",DuaLipa
"5/14/2024","9:00AM","5/15/2024","5:00PM",DuaLipa
"5/24/2024","9:00AM","5/27/2024","10:00PM",DuaLipa
"6/18/2024","9:00AM","6/19/2024","10:00PM",DuaLipa
"7/3/2024","9:00AM","7/4/2024","10:00PM",DuaLipa
"7/24/2024","9:00AM","7/24/2024","5:00PM",DuaLipa
"8/15/2024","10:00PM","8/16/2024","10:00PM",DuaLipa
"8/30/2024","9:00AM","9/2/2024","10:00PM",DuaLipa
"9/8/2024","10:00PM","9/9/2024","10:00PM",DuaLipa
"10/9/2024","9:00AM","10/9/2024","5:00PM",DuaLipa
"11/8/2024","9:00AM","11/11/2024","10:00PM",DuaLipa
"11/27/2024","9:00AM","12/1/2024","10:00PM",DuaLipa
"12/23/2024","9:00AM","12/25/2024","10:00PM",DuaLipa
"12/30/2024","9:00AM","1/1/2025","10:00PM",DuaLipa
"1/1/2023","4:30AM","1/1/2023","12:30PM",JamesFranco
"3/12/2024","5:00AM","3/12/2024","6:00AM",JamesFranco
"3/19/2024","10:00PM","3/20/2024","10:00PM",JamesFranco
"3/28/2024","10:00PM","3/29/2024","10:00PM",JamesFranco
"4/5/2024","3:00AM","4/5/2024","3:30AM",JamesFranco
"4/5/2024","6:30AM","4/5/2024","9:30AM",JamesFranco
"4/8/2024","10:00PM","4/9/2024","10:00PM",JamesFranco
"4/9/2024","10:00PM","4/10/2024","10:00PM",JamesFranco
"4/16/2024","5:30AM","4/16/2024","6:00AM",JamesFranco
"4/18/2024","5:30AM","4/18/2024","6:00AM",JamesFranco
"4/19/2024","8:00PM","4/21/2024","5:00PM",JamesFranco
"4/30/2024","10:00PM","5/1/2024","10:00PM",JamesFranco
"5/24/2024","9:00AM","5/27/2024","10:00PM",JamesFranco
"6/18/2024","9:00AM","6/19/2024","10:00PM",JamesFranco
"6/9/2024","10:00PM","6/21/2024","6:00AM",JamesFranco
"6/9/2024","10:00PM","6/21/2024","6:00AM",JamesFranco
"7/3/2024","9:00AM","7/4/2024","10:00PM",JamesFranco
"8/14/2024","10:00PM","8/15/2024","10:00PM",JamesFranco
"8/15/2024","10:00PM","8/16/2024","10:00PM",JamesFranco
"8/30/2024","9:00AM","9/2/2024","10:00PM",JamesFranco
"9/5/2024","10:00PM","9/6/2024","10:00PM",JamesFranco
"9/8/2024","10:00PM","9/9/2024","10:00PM",JamesFranco
"10/1/2024","10:00PM","10/2/2024","10:00PM",JamesFranco
"10/30/2024","10:00PM","10/31/2024","10:00PM",JamesFranco
"10/31/2024","10:00PM","11/1/2024","10:00PM",JamesFranco
"11/8/2024","9:00AM","11/11/2024","10:00PM",JamesFranco
"11/27/2024","9:00AM","12/1/2024","10:00PM",JamesFranco
"12/23/2024","9:00AM","12/25/2024","10:00PM",JamesFranco
"12/23/2024","10:00PM","12/25/2024","10:00PM",JamesFranco
"12/30/2024","9:00AM","1/1/2025","10:00PM",JamesFranco
"1/1/2023","9:00AM","1/1/2023","5:00PM",OrlandoBloon
"4/12/2024","9:00AM","4/12/2024","10:00AM",OrlandoBloon
"4/12/2024","10:00AM","4/12/2024","10:30AM",OrlandoBloon
"4/12/2024","3:00PM","4/12/2024","4:00PM",OrlandoBloon
"4/12/2024","4:00PM","4/12/2024","5:00PM",OrlandoBloon
"4/15/2024","12:00AM","4/15/2024","11:59PM",OrlandoBloon
"4/17/2024","9:00AM","4/17/2024","11:00AM",OrlandoBloon
"4/17/2024","11:00AM","4/17/2024","1:00PM",OrlandoBloon
"4/18/2024","9:00AM","4/18/2024","1:00PM",OrlandoBloon
"4/18/2024","1:00PM","4/18/2024","5:00PM",OrlandoBloon
"4/24/2024","9:00AM","4/25/2024","5:00PM",OrlandoBloon
"4/26/2024","9:00AM","4/26/2024","1:00PM",OrlandoBloon
"5/1/2024","9:00AM","5/1/2024","9:30AM",OrlandoBloon
"5/3/2024","9:00AM","5/3/2024","1:00PM",OrlandoBloon
"5/14/2024","12:00AM","5/14/2024","11:59PM",OrlandoBloon
"5/17/2024","9:00AM","5/17/2024","1:00PM",OrlandoBloon
"5/24/2024","9:00AM","5/27/2024","10:00PM",OrlandoBloon
"6/18/2024","9:00AM","6/19/2024","10:00PM",OrlandoBloon
"7/3/2024","9:00AM","7/4/2024","10:00PM",OrlandoBloon
"7/17/2024","11:30AM","7/17/2024","1:30PM",OrlandoBloon
"8/15/2024","10:00PM","8/16/2024","10:00PM",OrlandoBloon
"8/30/2024","9:00AM","9/2/2024","10:00PM",OrlandoBloon
"9/8/2024","10:00PM","9/9/2024","10:00PM",OrlandoBloon
"11/8/2024","9:00AM","11/11/2024","10:00PM",OrlandoBloon
"11/27/2024","9:00AM","12/1/2024","10:00PM",OrlandoBloon
"12/23/2024","9:00AM","12/25/2024","10:00PM",OrlandoBloon
"12/30/2024","9:00AM","1/1/2025","10:00PM",OrlandoBloon
"1/1/2023","4:30AM","1/1/2023","12:30PM",RyanGosling
"3/29/2024","4:30AM","3/29/2024","12:30PM",RyanGosling
"4/4/2024","4:30AM","4/4/2024","6:00AM",RyanGosling
"4/11/2024","10:30AM","4/11/2024","11:30AM",RyanGosling
"4/12/2024","10:00AM","4/12/2024","10:30AM",RyanGosling
"4/12/2024","10:30AM","4/12/2024","12:30PM",RyanGosling
"4/15/2024","10:30AM","4/15/2024","11:30AM",RyanGosling
"4/15/2024","11:30AM","4/15/2024","12:30PM",RyanGosling
"4/16/2024","10:30AM","4/16/2024","11:30AM",RyanGosling
"4/18/2024","4:30AM","4/18/2024","6:30AM",RyanGosling
"4/19/2024","4:30AM","4/19/2024","6:30AM",RyanGosling
"5/1/2024","4:30AM","5/1/2024","12:30PM",RyanGosling
"4/28/2024","10:00PM","5/10/2024","6:00AM",RyanGosling
"4/28/2024","10:00PM","5/10/2024","6:00AM",RyanGosling
"5/24/2024","9:00AM","5/27/2024","10:00PM",RyanGosling
"6/18/2024","9:00AM","6/19/2024","10:00PM",RyanGosling
"7/3/2024","9:00AM","7/4/2024","10:00PM",RyanGosling
"8/15/2024","4:30AM","8/15/2024","12:30PM",RyanGosling
"8/15/2024","10:00PM","8/16/2024","10:00PM",RyanGosling
"8/30/2024","9:00AM","9/2/2024","10:00PM",RyanGosling
"9/6/2024","4:30AM","9/6/2024","12:30PM",RyanGosling
"9/8/2024","10:00PM","9/9/2024","10:00PM",RyanGosling
"10/2/2024","4:30AM","10/2/2024","12:30PM",RyanGosling
"10/31/2024","4:30AM","10/31/2024","12:30PM",RyanGosling
"11/1/2024","4:30AM","11/1/2024","12:30PM",RyanGosling
"11/8/2024","9:00AM","11/11/2024","10:00PM",RyanGosling
"11/27/2024","9:00AM","12/1/2024","10:00PM",RyanGosling
"12/24/2024","4:30AM","12/25/2024","12:30PM",RyanGosling
"12/23/2024","9:00AM","12/25/2024","10:00PM",RyanGosling
"12/30/2024","9:00AM","1/1/2025","10:00PM",RyanGosling
"1/1/2024","8:07AM","1/1/2024","8:07PM",AshtonKutcher
"4/11/2024","12:00PM","4/11/2024","1:00PM",AshtonKutcher
"4/13/2024","10:00PM","4/14/2024","9:00AM",AshtonKutcher
"4/15/2024","9:30AM","4/15/2024","5:30PM",AshtonKutcher
"4/19/2024","12:00AM","4/19/2024","11:59PM",AshtonKutcher
"5/24/2024","9:00AM","5/27/2024","10:00PM",AshtonKutcher
"6/18/2024","9:00AM","6/19/2024","10:00PM",AshtonKutcher
"7/3/2024","9:00AM","7/4/2024","10:00PM",AshtonKutcher
"8/15/2024","10:00PM","8/16/2024","10:00PM",AshtonKutcher
"8/30/2024","9:00AM","9/2/2024","10:00PM",AshtonKutcher
"9/8/2024","10:00PM","9/9/2024","10:00PM",AshtonKutcher
"11/8/2024","9:00AM","11/11/2024","10:00PM",AshtonKutcher
"11/27/2024","9:00AM","12/1/2024","10:00PM",AshtonKutcher
"12/23/2024","9:00AM","12/25/2024","10:00PM",AshtonKutcher
"1/1/2024","1:25PM","12/31/2024","1:25PM",AshtonKutcher
"12/30/2024","9:00AM","1/1/2025","10:00PM",AshtonKutcher
"1/1/2023","7:00AM","1/1/2023","3:00PM",VinDiesel
"4/1/2024","7:30AM","4/1/2024","8:30AM",VinDiesel
"4/8/2024","9:00AM","4/8/2024","10:00AM",VinDiesel
"4/10/2024","2:00PM","4/10/2024","2:30PM",VinDiesel
"4/12/2024","8:30AM","4/12/2024","9:00AM",VinDiesel
"4/11/2024","7:00AM","4/12/2024","10:00AM",VinDiesel
"4/12/2024","11:30AM","4/12/2024","12:30PM",VinDiesel
"4/12/2024","7:00AM","4/12/2024","7:00PM",VinDiesel
"4/1/2024","7:00AM","4/14/2024","4:00PM",VinDiesel
"4/21/2024","12:30AM","4/21/2024","9:30AM",VinDiesel
"4/22/2024","7:00AM","4/23/2024","5:00PM",VinDiesel
"4/24/2024","7:00AM","5/13/2024","7:00PM",VinDiesel
"5/14/2024","9:00AM","5/14/2024","10:00AM",VinDiesel
"5/24/2024","9:00AM","5/27/2024","10:00PM",VinDiesel
"6/18/2024","9:00AM","6/19/2024","10:00PM",VinDiesel
"7/3/2024","9:00AM","7/4/2024","10:00PM",VinDiesel
"8/15/2024","10:00PM","8/16/2024","10:00PM",VinDiesel
"8/30/2024","9:00AM","9/2/2024","10:00PM",VinDiesel
"9/8/2024","10:00PM","9/9/2024","10:00PM",VinDiesel
"11/8/2024","9:00AM","11/11/2024","10:00PM",VinDiesel
"11/27/2024","9:00AM","12/1/2024","10:00PM",VinDiesel
"11/30/2024","2:30PM","12/15/2024","2:30PM",VinDiesel
"12/23/2024","9:00AM","12/25/2024","10:00PM",VinDiesel
"12/30/2024","9:00AM","1/1/2025","10:00PM",VinDiesel
"1/1/2023","12:00PM","1/1/2023","8:00PM",JetLi
"3/5/2024","12:01PM","3/7/2024","8:00PM",JetLi
"4/12/2024","12:00PM","4/12/2024","2:00PM",JetLi
"4/12/2024","2:00PM","4/12/2024","8:00PM",JetLi
"4/15/2024","12:00PM","4/15/2024","12:30PM",JetLi
"4/15/2024","1:30PM","4/15/2024","2:30PM",JetLi
"4/15/2024","12:30PM","4/15/2024","2:30PM",JetLi
"4/15/2024","5:00PM","4/15/2024","6:00PM",JetLi
"4/15/2024","6:00PM","4/15/2024","6:30PM",JetLi
"4/15/2024","6:30PM","4/15/2024","7:00PM",JetLi
"4/16/2024","12:00PM","4/16/2024","1:00PM",JetLi
"4/16/2024","1:00PM","4/16/2024","3:00PM",JetLi
"4/16/2024","3:00PM","4/16/2024","7:00PM",JetLi
"4/17/2024","12:00PM","4/17/2024","12:30PM",JetLi
"4/18/2024","12:00PM","4/19/2024","8:00PM",JetLi
"4/24/2024","6:00PM","4/24/2024","8:00PM",JetLi
"5/1/2024","12:00PM","5/2/2024","8:00PM",JetLi
"5/13/2024","12:00PM","5/14/2024","3:00PM",JetLi
"5/23/2024","8:00AM","5/23/2024","8:00PM",JetLi
"5/24/2024","9:00AM","5/27/2024","10:00PM",JetLi
"5/28/2024","8:00AM","5/28/2024","8:00PM",JetLi
"6/18/2024","9:00AM","6/19/2024","10:00PM",JetLi
"7/3/2024","9:00AM","7/4/2024","10:00PM",JetLi
"8/15/2024","10:00PM","8/16/2024","10:00PM",JetLi
"8/30/2024","9:00AM","9/2/2024","10:00PM",JetLi
"9/8/2024","10:00PM","9/9/2024","10:00PM",JetLi
"11/8/2024","9:00AM","11/11/2024","10:00PM",JetLi
"11/27/2024","9:00AM","12/1/2024","10:00PM",JetLi
"12/23/2024","9:00AM","12/25/2024","10:00PM",JetLi
"12/30/2024","9:00AM","1/1/2025","10:00PM",JetLi
"1/1/2023","12:00PM","1/1/2023","8:00PM",GerardButler
"4/9/2024","2:49PM","4/12/2024","2:49PM",GerardButler
"4/15/2024","12:00PM","4/16/2024","4:00PM",GerardButler
"4/16/2024","4:00PM","4/16/2024","5:00PM",GerardButler
"4/16/2024","5:00PM","4/16/2024","6:00PM",GerardButler
"4/17/2024","12:00PM","4/17/2024","1:00PM",GerardButler
"4/19/2024","7:30PM","4/20/2024","1:30AM",GerardButler
"4/30/2024","12:00PM","5/1/2024","8:00PM",GerardButler
"5/3/2024","7:00PM","5/5/2024","5:00PM",GerardButler
"5/6/2024","12:00PM","5/7/2024","3:00PM",GerardButler
"5/8/2024","12:00PM","5/9/2024","5:00PM",GerardButler
"5/14/2024","12:00PM","5/15/2024","8:00PM",GerardButler
"5/24/2024","9:00AM","5/27/2024","10:00PM",GerardButler
"6/18/2024","9:00AM","6/19/2024","10:00PM",GerardButler
"7/3/2024","9:00AM","7/4/2024","10:00PM",GerardButler
"8/15/2024","10:00PM","8/16/2024","10:00PM",GerardButler
"8/30/2024","9:00AM","9/2/2024","10:00PM",GerardButler
"9/8/2024","10:00PM","9/9/2024","10:00PM",GerardButler
"11/8/2024","9:00AM","11/11/2024","10:00PM",GerardButler
"11/27/2024","9:00AM","12/1/2024","10:00PM",GerardButler
"12/23/2024","9:00AM","12/25/2024","10:00PM",GerardButler
"12/30/2024","9:00AM","1/1/2025","10:00PM",GerardButler
"3/28/2024","4:00AM","3/28/2024","5:00AM",ScarlettJohanson
"3/28/2024","10:00PM","3/29/2024","10:00PM",ScarlettJohanson
"4/2/2024","2:00AM","4/2/2024","3:00AM",ScarlettJohanson
"4/4/2024","10:00PM","4/5/2024","10:00PM",ScarlettJohanson
"4/8/2024","10:00PM","4/9/2024","10:00PM",ScarlettJohanson
"4/9/2024","10:00PM","4/10/2024","10:00PM",ScarlettJohanson
"4/11/2024","1:00AM","4/11/2024","2:30AM",ScarlettJohanson
"4/12/2024","12:00AM","4/12/2024","1:00AM",ScarlettJohanson
"4/14/2024","10:00PM","4/15/2024","12:00AM",ScarlettJohanson
"4/15/2024","12:00AM","4/15/2024","2:00AM",ScarlettJohanson
"4/15/2024","2:00AM","4/15/2024","4:00AM",ScarlettJohanson
"4/15/2024","4:00AM","4/15/2024","5:00AM",ScarlettJohanson
"4/15/2024","5:00AM","4/15/2024","6:00AM",ScarlettJohanson
"4/15/2024","6:30AM","4/15/2024","7:00AM",ScarlettJohanson
"4/15/2024","10:00PM","4/15/2024","11:00PM",ScarlettJohanson
"4/21/2024","11:00PM","4/21/2024","11:59PM",ScarlettJohanson
"4/22/2024","10:00PM","4/22/2024","11:00PM",ScarlettJohanson
"4/25/2024","10:00PM","4/25/2024","11:59PM",ScarlettJohanson
"4/30/2024","10:00PM","5/1/2024","10:00PM",ScarlettJohanson
"5/2/2024","5:00AM","5/2/2024","6:00AM",ScarlettJohanson
"5/24/2024","9:00AM","5/27/2024","10:00PM",ScarlettJohanson
"5/26/2024","11:30PM","6/7/2024","7:30AM",ScarlettJohanson
"5/26/2024","11:30PM","6/7/2024","7:30AM",ScarlettJohanson
"6/18/2024","9:00AM","6/19/2024","10:00PM",ScarlettJohanson
"7/3/2024","9:00AM","7/4/2024","10:00PM",ScarlettJohanson
"8/14/2024","10:00PM","8/15/2024","10:00PM",ScarlettJohanson
"8/15/2024","10:00PM","8/16/2024","10:00PM",ScarlettJohanson
"8/30/2024","9:00AM","9/2/2024","10:00PM",ScarlettJohanson
"9/5/2024","10:00PM","9/6/2024","10:00PM",ScarlettJohanson
"9/8/2024","10:00PM","9/9/2024","10:00PM",ScarlettJohanson
"10/1/2024","10:00PM","10/2/2024","10:00PM",ScarlettJohanson
"10/30/2024","10:00PM","10/31/2024","10:00PM",ScarlettJohanson
"10/31/2024","10:00PM","11/1/2024","10:00PM",ScarlettJohanson
"11/8/2024","9:00AM","11/11/2024","10:00PM",ScarlettJohanson
"11/27/2024","9:00AM","12/1/2024","10:00PM",ScarlettJohanson
"12/23/2024","9:00AM","12/25/2024","10:00PM",ScarlettJohanson
"12/23/2024","10:00PM","12/25/2024","10:00PM",ScarlettJohanson
"12/30/2024","9:00AM","1/1/2025","10:00PM",ScarlettJohanson
"1/1/2023","10:00AM","1/1/2023","6:00PM",TaylorSwift
"4/3/2024","12:30PM","4/3/2024","3:30PM",TaylorSwift
"4/5/2024","10:00AM","4/5/2024","6:00PM",TaylorSwift
"4/9/2024","5:00PM","4/9/2024","6:00PM",TaylorSwift
"4/12/2024","10:00AM","4/12/2024","6:00PM",TaylorSwift
"4/15/2024","9:00AM","4/15/2024","10:30AM",TaylorSwift
"4/16/2024","10:00AM","4/16/2024","12:00PM",TaylorSwift
"4/16/2024","12:00PM","4/16/2024","2:00PM",TaylorSwift
"4/17/2024","4:00PM","4/17/2024","6:00PM",TaylorSwift
"4/18/2024","10:00AM","4/18/2024","12:00PM",TaylorSwift
"4/18/2024","9:00AM","4/18/2024","5:00PM",TaylorSwift
"4/19/2024","10:00AM","4/19/2024","6:00PM",TaylorSwift
"4/22/2024","10:00AM","4/22/2024","6:00PM",TaylorSwift
"4/23/2024","5:00PM","4/23/2024","6:00PM",TaylorSwift
"4/26/2024","10:00AM","4/26/2024","6:00PM",TaylorSwift
"5/1/2024","10:00AM","5/1/2024","6:00PM",TaylorSwift
"5/7/2024","4:00PM","5/7/2024","6:00PM",TaylorSwift
"5/11/2024","10:00AM","5/19/2024","6:00PM",TaylorSwift
"5/20/2024","10:00AM","5/24/2024","6:00PM",TaylorSwift
"5/24/2024","9:00AM","5/27/2024","10:00PM",TaylorSwift
"5/27/2024","10:00AM","5/31/2024","6:00PM",TaylorSwift
"6/18/2024","4:00PM","6/18/2024","6:00PM",TaylorSwift
"6/18/2024","9:00AM","6/19/2024","10:00PM",TaylorSwift
"7/3/2024","9:00AM","7/4/2024","10:00PM",TaylorSwift
"8/15/2024","10:00PM","8/16/2024","10:00PM",TaylorSwift
"8/19/2024","10:00AM","8/19/2024","6:00PM",TaylorSwift
"8/30/2024","9:00AM","9/2/2024","10:00PM",TaylorSwift
"9/3/2024","10:00AM","9/6/2024","6:00PM",TaylorSwift
"9/8/2024","10:00PM","9/9/2024","10:00PM",TaylorSwift
"10/16/2024","4:00PM","10/16/2024","6:00PM",TaylorSwift
"11/8/2024","9:00AM","11/11/2024","10:00PM",TaylorSwift
"11/27/2024","9:00AM","12/1/2024","10:00PM",TaylorSwift
"12/23/2024","9:00AM","12/25/2024","10:00PM",TaylorSwift
"12/30/2024","9:00AM","1/1/2025","10:00PM",TaylorSwift
"1/1/2023","9:00AM","1/1/2023","5:00PM",ChrisEvans
"3/28/2024","8:00AM","3/28/2024","5:00PM",ChrisEvans
"4/2/2024","9:00AM","4/2/2024","5:00PM",ChrisEvans
"4/3/2024","9:00AM","4/3/2024","5:00PM",ChrisEvans
"4/11/2024","8:00AM","4/11/2024","5:00PM",ChrisEvans
"4/12/2024","9:00AM","4/12/2024","9:30AM",ChrisEvans
"4/17/2024","9:00AM","4/17/2024","11:00AM",ChrisEvans
"4/23/2024","9:00AM","4/23/2024","5:00PM",ChrisEvans
"5/17/2024","8:00PM","5/19/2024","5:00PM",ChrisEvans
"5/24/2024","9:00AM","5/27/2024","10:00PM",ChrisEvans
"6/18/2024","9:00AM","6/19/2024","10:00PM",ChrisEvans
"7/3/2024","9:00AM","7/4/2024","10:00PM",ChrisEvans
"8/15/2024","10:00PM","8/16/2024","10:00PM",ChrisEvans
"8/30/2024","9:00AM","9/2/2024","10:00PM",ChrisEvans
"9/8/2024","10:00PM","9/9/2024","10:00PM",ChrisEvans
"11/8/2024","9:00AM","11/11/2024","10:00PM",ChrisEvans
"11/27/2024","9:00AM","12/1/2024","10:00PM",ChrisEvans
"12/23/2024","9:00AM","12/25/2024","10:00PM",ChrisEvans
"12/30/2024","9:00AM","1/1/2025","10:00PM",ChrisEvans
"1/1/2023","10:00PM","1/2/2023","6:00AM",BradleyCooper
"3/22/2024","8:30AM","3/22/2024","9:00AM",BradleyCooper
"4/14/2024","6:00AM","4/14/2024","7:00AM",BradleyCooper
"4/15/2024","4:30AM","4/15/2024","5:30AM",BradleyCooper
"4/15/2024","5:30AM","4/15/2024","6:30AM",BradleyCooper
"4/15/2024","7:00AM","4/15/2024","8:00AM",BradleyCooper
"4/16/2024","4:30AM","4/16/2024","5:30AM",BradleyCooper
"4/18/2024","4:30AM","4/18/2024","5:30AM",BradleyCooper
"4/29/2024","10:00PM","4/30/2024","10:00PM",BradleyCooper
"4/30/2024","10:00PM","5/1/2024","10:00PM",BradleyCooper
"5/3/2024","8:00PM","5/5/2024","5:00PM",BradleyCooper
"5/24/2024","9:00AM","5/27/2024","10:00PM",BradleyCooper
"5/30/2024","4:30AM","5/31/2024","12:30PM",BradleyCooper
"6/18/2024","9:00AM","6/19/2024","10:00PM",BradleyCooper
"7/3/2024","9:00AM","7/4/2024","10:00PM",BradleyCooper
"8/14/2024","10:00PM","8/15/2024","10:00PM",BradleyCooper
"8/15/2024","10:00PM","8/16/2024","10:00PM",BradleyCooper
"4/2/2024","8:00AM","8/30/2024","12:30PM",BradleyCooper
"8/30/2024","9:00AM","9/2/2024","10:00PM",BradleyCooper
"9/5/2024","10:00PM","9/6/2024","10:00PM",BradleyCooper
"9/8/2024","10:00PM","9/9/2024","10:00PM",BradleyCooper
"10/1/2024","10:00PM","10/2/2024","10:00PM",BradleyCooper
"10/30/2024","10:00PM","10/31/2024","10:00PM",BradleyCooper
"10/31/2024","10:00PM","11/1/2024","10:00PM",BradleyCooper
"11/8/2024","9:00AM","11/11/2024","10:00PM",BradleyCooper
"11/27/2024","9:00AM","12/1/2024","10:00PM",BradleyCooper
"12/23/2024","9:00AM","12/25/2024","10:00PM",BradleyCooper
"12/23/2024","10:00PM","12/25/2024","10:00PM",BradleyCooper
"12/30/2024","9:00AM","1/1/2025","10:00PM",BradleyCooper
"12/30/2024","9:00AM","1/1/2025","10:00PM",ChrisPratt